Model,MAE,MAE_CI,RMSE,RMSE_CI,R2,R2_CI
Linear Regression,5.348626973625713,"[5.327, 5.370]",6.812485005016066,"[6.776, 6.849]",0.47374605570629047,"[0.470, 0.477]"
Random Forest,1.2429989185568828,"[1.237, 1.249]",2.255807210745478,"[2.225, 2.286]",0.9422451959037741,"[0.941, 0.944]"
