Model,MAE,MAE_CI,RMSE,RMSE_CI,R2,R2_CI
Linear Regression,5.2963137824660045,"[5.205, 5.396]",6.727564010690408,"[6.564, 6.908]",0.47976335826558303,"[0.462, 0.495]"
Random Forest,1.2268743578525272,"[1.182, 1.268]",2.2239659587168865,"[2.025, 2.376]",0.9431485519388445,"[0.936, 0.952]"
