{
  "model": "DeepBatchNormMLP",
  "accuracy": 0.8240625,
  "accuracy_ci95": [
    0.8180625,
    0.8296875
  ],
  "macro_f1": 0.821464258708469,
  "macro_f1_ci95": [
    0.8155833205338515,
    0.8270983347198243
  ],
  "confusion_matrix_raw": [
    [
      3148,
      264,
      0,
      0,
      0
    ],
    [
      498,
      2401,
      179,
      0,
      0
    ],
    [
      65,
      446,
      2943,
      126,
      0
    ],
    [
      4,
      29,
      467,
      2095,
      514
    ],
    [
      0,
      0,
      13,
      210,
      2598
    ]
  ],
  "confusion_matrix_normalized_rows": [
    [
      0.9226260257913247,
      0.07737397420867527,
      0.0,
      0.0,
      0.0
    ],
    [
      0.1617933723196881,
      0.7800519818063678,
      0.058154645873944116,
      0.0,
      0.0
    ],
    [
      0.018156424581005588,
      0.12458100558659217,
      0.8220670391061452,
      0.03519553072625698,
      0.0
    ],
    [
      0.001286587327114828,
      0.009327758121582503,
      0.15020907044065615,
      0.6738501125763912,
      0.1653264715342554
    ],
    [
      0.0,
      0.0,
      0.004608294930875576,
      0.07444168734491315,
      0.9209500177242113
    ]
  ],
  "classification_report": "              precision    recall  f1-score   support\n\n           0     0.8474    0.9226    0.8834      3412\n           1     0.7646    0.7801    0.7723      3078\n           2     0.8170    0.8221    0.8195      3580\n           3     0.8618    0.6739    0.7563      3109\n           4     0.8348    0.9210    0.8758      2821\n\n    accuracy                         0.8241     16000\n   macro avg     0.8251    0.8239    0.8215     16000\nweighted avg     0.8253    0.8241    0.8217     16000\n",
  "figure_pdf": "/Users/ermiaswolde/Downloads/ML_Project/report/figures/confusion_norm_DeepBatchNormMLP.pdf"
}