{
  "model": "ShallowMLP",
  "accuracy": 0.82475,
  "accuracy_ci95": [
    0.8188125,
    0.83
  ],
  "macro_f1": 0.8233414213911555,
  "macro_f1_ci95": [
    0.8173188474124851,
    0.8284719872761303
  ],
  "confusion_matrix_raw": [
    [
      3096,
      316,
      0,
      0,
      0
    ],
    [
      474,
      2483,
      121,
      0,
      0
    ],
    [
      63,
      493,
      2828,
      196,
      0
    ],
    [
      3,
      33,
      379,
      2190,
      504
    ],
    [
      0,
      0,
      15,
      207,
      2599
    ]
  ],
  "confusion_matrix_normalized_rows": [
    [
      0.9073856975381008,
      0.09261430246189918,
      0.0,
      0.0,
      0.0
    ],
    [
      0.1539961013645224,
      0.8066926575698505,
      0.03931124106562703,
      0.0,
      0.0
    ],
    [
      0.01759776536312849,
      0.13770949720670392,
      0.7899441340782123,
      0.054748603351955305,
      0.0
    ],
    [
      0.0009649404953361209,
      0.01061434544869733,
      0.12190414924412994,
      0.7044065615953683,
      0.16211000321646832
    ],
    [
      0.0,
      0.0,
      0.005317263381779511,
      0.07337823466855725,
      0.9213045019496633
    ]
  ],
  "classification_report": "              precision    recall  f1-score   support\n\n           0     0.8515    0.9074    0.8785      3412\n           1     0.7468    0.8067    0.7756      3078\n           2     0.8459    0.7899    0.8170      3580\n           3     0.8446    0.7044    0.7682      3109\n           4     0.8376    0.9213    0.8774      2821\n\n    accuracy                         0.8247     16000\n   macro avg     0.8253    0.8259    0.8233     16000\nweighted avg     0.8263    0.8247    0.8233     16000\n",
  "figure_pdf": "/Users/ermiaswolde/Downloads/ML_Project/report/figures/confusion_norm_ShallowMLP.pdf"
}